"clan","name","gender","words"
"Riverclan","Appledusk","Male","Appledusk is a broad-shouldered, soft, thick, and glossy-furred, pale brown tom with pale, holly-green eyes"
"Riverclan","Applefrost","Uknown","Applefrost is a light brown cat"
"Riverclan","Aspentail","Female","Aspentail is an almost black she-cat with fur the color of floodwater. She has a very long tail and streaks of pale gray fur"
"Riverclan","Beechfur","Male","Beechfur is a light brown tom"
"Riverclan","Beetlenose","Male","Beetlenose is a broad-shouldered tom with crow-black fur"
"Riverclan","Beetlewhisker","Male","Beetlewhisker is a brown-and-white tabby tom"
"Riverclan","Birchstar","Female","Birchstar is a light brown tabby she-cat"
"Riverclan","Birdsong","Female","Birdsong is a tabby-and-white she-cat with a white belly, ginger patches around her gray-flecked muzzle and amber eyes"
"Riverclan","Blackbee","Female","No Description"
"Riverclan","Blackclaw","Male","Blackclaw is a lean, muscular, broad-shouldered smoky-black tom. He has a long tail, long legs, orange eyes, and a torn ear-tip"
"Riverclan","Brackenpelt","Female","Brackenpelt is a tortoiseshell she-cat with a shredded ear"
"Riverclan","Brambleberry","Female","Brambleberry is a small, lithe, snowy-white she-cat with black spots and blue eyes. She has a strikingly pink nose"
"Riverclan","Breezeheart","Female","Breezeheart is a brown-and-white she-cat"
"Riverclan","Brightsky","Female","Brightsky is a lithe, white-and-ginger she-cat with glossy fur"
"Riverclan","Brindleclaw","Female","Brindleclaw is a tortoiseshell she-cat with sleek, thick fur"
"Riverclan","Cedarpelt","Male","Cedarpelt is a graying, stout, large, mottled brown tabby tom with a short tail"
"Riverclan","Cloudberry","Female","Cloudberry is a slender, thick-furred, dark gray she-cat with blue eyes"
"Riverclan","Copperpaw","Female","Copperpaw is a dark ginger she-cat"
"Riverclan","Crookedstar","Male","Crookedstar is a huge, light brown tabby tom with green eyes and a twisted jaw"
"Riverclan","Curlfeather","Female","Curlfeather is a pale brown she-cat with soft fur"
"Riverclan","Cypresspaw","Female","Cypresspaw is a brown-and-white she-cat with hazel eyes"
"Riverclan","Dapplenose","Female","Dapplenose is a mottled gray she-cat with blue eyes"
"Riverclan","Dappletuft","Male","Dappletuft is a gray-and-white tom with blue eyes and a scarred chest"
"Riverclan","Darkstar","Female","Darkstar is a small brown she-cat"
"Riverclan","Darkstar","Female","Darkstar is a black she-cat"
"Riverclan","Dawnbright","Female","Dawnbright is a ginger-and-white she-cat"
"Riverclan","Dawnflower","Female","Dawnflower is a very pale gray she-cat"
"Riverclan","Dovestar","Unknown","No Description"
"Riverclan","Duckpaw","Female","No Description"
"Riverclan","Duskfur","Female","Duskfur is a small brown tabby she-cat with a torn ear"
"Riverclan","Duskwater","Female","Duskwater is a blue-gray she-cat with a white belly and chest"
"Riverclan","Echomist","Female","Echomist is a glossy, long-haired pale gray she-cat. Her fur is tipped with white, giving her a soft, cloudy appearance"
"Riverclan","Echosnout","Female","Echosnout is a black-and-white she-cat"
"Riverclan","Eeltail","Male","No Description"
"Riverclan","Eeltail","Female","Eeltail is a gray-and-black tabby she-cat"
"Riverclan","Emberdawn","Female","Emberdawn is a dark ginger she-cat"
"Riverclan","Emberstar","Male","No Description"
"Riverclan","Fallowtail","Female","Fallowtail is a light brown she-cat with soft fur and blue eyes"
"Riverclan","Fernleaf","Unknown","No Description"
"Riverclan","Fognose","Female","Fognose is a gray and white she-cat"
"Riverclan","Foxclaw","Male","Foxclaw is a russet-colored tom"
"Riverclan","Foxnose","Male","Foxnose is a russet tabby tom"
"Riverclan","Foxwhisker","Male","Foxwhisker is a ginger tom"
"Riverclan","Frogleap","Male","Frogleap is a muscular gray tom with a striped tail, a broad head, and amber eyes"
"Riverclan","Frostpaw","Female","Frostpaw is a light gray she-cat with darker parts, ears and green eyes"
"Riverclan","Gorseclaw","Male","Gorseclaw is a white tom with gray ears"
"Riverclan","Grasspelt","Male","Grasspelt is a light brown tom"
"Riverclan","Grasswhisker","Female","Grasswhisker is a brown tabby she-cat"
"Riverclan","Graymist","Female","Graymist is a pale gray tabby she-cat"
"Riverclan","Graypaw","Male","Graypaw is a silver tabby tom"
"Riverclan","Graypool","Female","Graypool is a dark gray she-cat with yellow eyes"
"Riverclan","Graywing","Female","No Description"
"Riverclan","Greenflower","Female","Greenflower is a plump, brown-striped she-cat with a white splash under her chin, one white hind paw, and green eyes"
"Riverclan","Hailstar","Male","Hailstar is a huge gray tom with thick, sleek fur, a wide head, broad shoulders, and yellow eyes"
"Riverclan","Harelight","Male","Harelight is a white tom with a long tail"
"Riverclan","Havenpelt","Female","Havenpelt is a black-and-white she-cat"
"Riverclan","Hayberry","Female","No Description"
"Riverclan","Heavystep","Male","Heavystep is a big and thickset, broad-shouldered brown tabby tom with yellow eyes"
"Riverclan","Heronwing","Male","Heronwing is a dark gray-and-black tom"
"Riverclan","Hollowflight","Male","Hollowflight is a dark brown tabby tom with a sleek, pale-furred belly"
"Riverclan","Icewhisker","Male","Icewhisker is a silver-gray tom"
"Riverclan","Icewing","Female","Icewing is a lightly-built, pure white she-cat with blue eyes"
"Riverclan","Ivystar","Female","No Description"
"Riverclan","Ivytail","Female","Ivytail is a brown tabby she-cat"
"Riverclan","Jayclaw","Male","Jayclaw is a gray tom"
"Riverclan","Kinktail","Female","Kinktail is a she-cat with a crushed tail"
"Riverclan","Lakeheart","Female","Lakeheart is a gray tabby she-cat"
"Riverclan","Lakeshine","Female","Lakeshine is a mottled, long-haired gray-and-white she-cat"
"Riverclan","Leopardstar","Female","Leopardstar is adappled golden tabby she-cat with amber eyes"
"Riverclan","Lightningpaw","Male","No Description"
"Riverclan","Lightningpelt","Female","Lightningpelt is a light brown tabby she-cat with a distinctive white streak down her back"
"Riverclan","Lilyflower","Female","has blue eyes"
"Riverclan","Lilystem","Female","Lilystem is a pale gray tabby she-cat"
"Riverclan","Lizardtail","Male","Lizardtail is a light brown tom"
"Riverclan","Loudbelly","Male","Loudbelly is a dark brown tom"
"Riverclan","Mallownose","Male","Mallownose is a light brown tabby tom"
"Riverclan","Mallowtail","Female","Mallowtail is a tortoiseshell-tabby-and-white she-cat"
"Riverclan","Marshcloud","Male","Marshcloud is a stout brown tabby tom with a short tail"
"Riverclan","Meadowpelt","Male","No Description"
"Riverclan","Milkfur","Female","Milkfur is a white she-cat"
"Riverclan","Milkfur","Female","Milkfur is a gray-and-white tabby she-cat"
"Riverclan","Minnowkit","Unknown","No Description"
"Riverclan","Minnowkit","Female","Minnowkit is a dark gray she-cat"
"Riverclan","Minnowtail","Female","Minnowtail is a sleek-furred, dappled dark gray-and-white she-cat with amber eyes"
"Riverclan","Mintfur","Male","Mintfur is a light gray tabby tom"
"Riverclan","Mistpaw","Female","Mistpaw is a tortoiseshell-and-white tabby she-cat"
"Riverclan","Mistystar","Female","Mistystar is a lithe frail pale blue-gray she-cat with thick, sleek fur, a pink nose, a plumy tail, and wide ice-blue eyes. She has a dull and thinning pelt, and a graying muzzle."
"Riverclan","Molewhisker","Male","Molewhisker is a small black tom"
"Riverclan","Morningkit","Female","Morningkit is a gray-cream she-cat with a white dash"
"Riverclan","Mossleaf","Male","Mossleaf is a bright eyed tom"
"Riverclan","Mosspelt","Female","Mosspelt is a lithe tortoiseshell-and-white she-cat with blue eyes and soft, white chest fur"
"Riverclan","Mossyfoot","Female","Mossyfoot is a brown-and-white she-cat"
"Riverclan","Mothwing","Female","Mothwing is a dapled golden tabby she-cat with amber eyes"
"Riverclan","Mudfur","Male","Mudfur is a lean and lithe, thick-furred and long-haired light brown tom with a pale belly, wide shoulders, and golden eyes"
"Riverclan","Mudthorn","Male","Mudthorn is a brown tom with black ears"
"Riverclan","Nettlepad","Male","No Description"
"Riverclan","Nettlepaw","Male","Nettlepaw is a dark brown tabby tom"
"Riverclan","Nightsky","Female","Nightsky is a dark gray she-cat with blue eyes"
"Riverclan","Oakheart","Male","Oakheart is a dark, reddish-brown tom with amber eyes"
"Riverclan","Oatpaw","Male","No Description"
"Riverclan","Otterheart","Female","Otterheart is a dark brown she-cat"
"Riverclan","Ottersplash","Female","Ottersplash is a sleek, pale ginger she-cat with white patches and a torn ear"
"Riverclan","Owlfur","Male","Owlfur is a sleek-furred, brown-and-white tom with a white-splashed muzzle, and a small head"
"Riverclan","Owlnose","Male","Owlnose is a brown tabby tom"
"Riverclan","Pebblefoot","Male","Pebblefoot is a mottled gray tom"
"Riverclan","Perchkit","Male","Perchkit is a small black tom with green or blue eyes"
"Riverclan","Perchpaw","Male","Perchpaw is a plump, thick-furred gray tom with stubby front legs and blue eyes"
"Riverclan","Perchwing","Female","Perchwing is a gray-and-white she-cat"
"Riverclan","Petaldust","Female","Petaldust is a tortoiseshell she-cat"
"Riverclan","Petalfur","Female","Petalfur is a small gray-and-white she-cat with amber eyes"
"Riverclan","Pikepaw","Male","Pikepaw is a large dark gray tom"
"Riverclan","Pikepaw","Male","Pikepaw is a dark gray tom with dark mottled markings like a fish and blue eyes"
"Riverclan","Piketooth","Male","Piketooth is a skinny, graying, dark brown tabby tom with a narrow face, and protruding canine teeth"
"Riverclan","Pinefur","Female","Pinefur is a very shorthaired tabby she-cat"
"Riverclan","Podlight","Male","Podlight is a sturdy gray-and-white tom"
"Riverclan","Pouncetail","Male","Pouncetail is a ginger-and-white tom with a short tabby tail"
"Riverclan","Pricklekit","Male","Pricklekit is a white tom with brown tabby patches on his head and back, and green eyes"
"Riverclan","Primrosepaw","Female","Primerosepaw is a very pale creamy-brown she-cat with white paws"
"Riverclan","Rainfall","Male","Rainfall is a skinny black tom"
"Riverclan","Rainflower","Female","Rainflower is a soft-furred pale gray she-cat"
"Riverclan","Rainstorm","Male","Rainstorm is a mottled blue-gray tom"
"Riverclan","Reedshine","Female","Reedshine is a dark orange she-cat with soft fur"
"Riverclan","Reedshine","Female","Reedshine is a dark orange she-cat"
"Riverclan","Reedstar","Male","No Description"
"Riverclan","Reedtail","Male","Reedtail is a pale gray tabby tom. He has a long, stiff tail that is darker, thin, and straight like a reed."
"Riverclan","Reedwhisker","Male","Reedwhisker is a slender black tom with small, neat ears and dark gray eyes"
"Riverclan","Rippleclaw","Male","Rippleclaw is a sleek, grizzled black-and-silver tabby tom"
"Riverclan","Rippletail","Male","Rippletail is a dark gray tabby tom"
"Riverclan","Riverstar","Male","Riverstar is a stocky silver tom with sleek, long, thick fur, and green eyes"
"Riverclan","Robinkit","Male","Robinkit is a brown-and-ginger tom"
"Riverclan","Robinwing","Male","Robinwing is a pale-furred tortoiseshell-and-white tom"
"Riverclan","Rushpaw","Female","Rushpaw is a small, short-legged she-cat"
"Riverclan","Rushtail","Male","Rushtail is a light brown tabby tom"
"Riverclan","Sedgecreek","Female","Sedgecreek is a brown tabby she-cat with a long tail"
"Riverclan","Shadepelt","Female","Shadepelt is a dark brown she-cat"
"Riverclan","Shadepelt","Female","Shadepelt is a very dark gray she-cat"
"Riverclan","Shellheart","Male","Shellheart is a dappled gray tom with graying whiskers"
"Riverclan","Shimmerpelt","Female","Shimmerpelt is a silver-gray she-cat"
"Riverclan","Shimmerpelt","Female","Shimmerpelt is a night-black she-cat with a glossy pelt"
"Riverclan","Shyheart","Unknown","Shyheart is a pale brown cat"
"Riverclan","Silverpaw","Unknown","No Description"
"Riverclan","Silverpaw","Unknown","No Description"
"Riverclan","Silverstream","Female","Silverstream is a silver-and-black tabby she-cat with blue eyes"
"Riverclan","Skyheart","Female","Skyheart is a pale brown tabby she-cat withg reen eyes and torn ears"
"Riverclan","Sloefur","Female","Sloefur is a black she-cat"
"Riverclan","Snaketooth","Male","Snaketooth is a tom with a dark brown head"
"Riverclan","Sneezecloud","Male","Sneezecloud is a gray-and-white tom"
"Riverclan","Softpelt","Female","Softpelt is a dark gray she-cat"
"Riverclan","Softwing","Female","Softwing is a small, lithe, snowy-white she-cat with tabby patches"
"Riverclan","Spiketail","Male","Spiketail is a dark gray tom"
"Riverclan","Splashfoot","Male","Splashfoot is a pale gray tom"
"Riverclan","Splashheart","Male","Splashhheart is a thick-furred, dark gray tom with amber eyes"
"Riverclan","Splashkit","Male","Splashkit is a gray tom with lighter flecks"
"Riverclan","Splashpaw","Unknown","No Description"
"Riverclan","Splashtail","Male","Splashtail is a brown tabby tom"
"Riverclan","Stonefur","Male","Stonefur is a pale blue-gray tom with blue eyes"
"Riverclan","Stonestream","Male","Stonestream is a gray tom"
"Riverclan","Sunfish","Female","Sunfish is a pale gray she-cat with amber eyes"
"Riverclan","Sunspots","Female","Sunspots is a white she-cat with ginger splashes"
"Riverclan","Swallowtail","Female","Swallowtail is a plump, dark brown tabby she-cat with green eyes"
"Riverclan","Swankit","Unknown","Swankit is a silver tabby cat"
"Riverclan","Talonstar","Male","No Description"
"Riverclan","Tanglepaw","Male","Tanglepaw is a long-furred tom"
"Riverclan","Tanglewhisker","Male","Tanglewhisker is a long-haired tabby tom with a thick, knotted pelt, a wide, graying back, grizzled paws, and a ragged ear"
"Riverclan","Timberfur","Male","Timberfur is a big, burly graying dark brown tom with sleek fur"
"Riverclan","Troutclaw","Male","Troutclaw is a long-haired, gray tabby tom with a matted head"
"Riverclan","Troutstar","Male","Troutstar is a gray tom"
"Riverclan","Troutstream","Female","Troutstream is a pale gray tabby she-cat"
"Riverclan","Tumblekit","Female","Tumblekit is a black she-cat"
"Riverclan","Vixenleap","Female","Vixenleap is a black she-cat"
"Riverclan","Voleclaw","Male","Voleclaw is a gray tom"
"Riverclan","Volestar","Male","Volestar is a brown tabby tom"
"Riverclan","Voletooth","Male","Voletooth is a small brown tabby tom"
"Riverclan","Wavepaw","Female","Wavepaw is a silver-and-white she-cat with green eyes and a long tail"
"Riverclan","Whiteclaw","Male","Whiteclaw is a muscular dark brown tom with snowy-white paws and amber eyes"
"Riverclan","Whitefang","Male","Whitefang is a huge, broad-shouldered, pure, snowy-white tom with a tabby-striped tail and brown paws"
"Riverclan","Wildkit","Unknown","No Description"
"Riverclan","Willowbreeze","Female","Willowbreeze is a pale silver-gray tabby she-cat with soft fur and amber eyes"
"Riverclan","Willowkit","Female","Willowkit is a smoky-black she-cat"
"Riverclan","Willownose","Female","Willownose is a gray tabby she-cat"
"Riverclan","Willowshine","Female","Willowshine is a small, lithe, sleek, thick, and soft-furred, pale gray tabby she-cat with bright green eyes"
"Riverclan","Willowstar","Female","No Description"
"Riverclan","Woodkit","Male","Woodkit is a gray tabby tom"
"Shadowclan","Amberleaf","Female","Amberleaf is a dark orange she-cat with brown legs and ears, one of which is torn"
"Shadowclan","Antfur","Male","Antfur is a small, well-muscled tom with a splotched dark brown-and-black pelt. He has glossy fur, scars on his cheek, and amber eyes"
"Shadowclan","Applefur","Female","Applefur is a mottled brown she-cat"
"Shadowclan","Applefur","Female","Applefur is a mottled brown she-cat with pale green eyes"
"Shadowclan","Archeye","Male","Archeye is a gray tabby tom with black stripes, a thick stripe over his left eye, patchy fur, and green eyes"
"Shadowclan","Ashfur","Male","Ashfur is a thin and long-bodied gray tom with green eyes"
"Shadowclan","Ashheart","Female","Ashheart is a pale gray she-cat with blue eyes"
"Shadowclan","Badgerfang","Male","Badgerfang is a very tiny, fluffy black-and-white tom. His face is striped like a badger's."
"Shadowclan","Berryheart","Female","Berryheart is a black-and-white she-cat"
"Shadowclan","Birchkit","Male","Birchkit is a light brown tom"
"Shadowclan","Blackstar","Male","Blackstar is a tall, huge white tom with huge jet-black paws, one of which has six toes. He has a sleek pelt, a broad chest, black-rimmed ears, and amber eyes."
"Shadowclan","Blazefire","Male","Blazefire is a white-and-ginger tom with amber eyes"
"Shadowclan","Blizzardstar","Male","Blizzardstar is a white tom with green eyes"
"Shadowclan","Blizzardwing","Male","Blizzardwing is a mottled white tom"
"Shadowclan","Bloomkit","Female","Bloomkit is a black she-cat"
"Shadowclan","Blossomkit","Female","Blossomkit is a white she-cat"
"Shadowclan","Bluebellkit","Female","Bluebellkit is a white she-cat with green eyes"
"Shadowclan","Boulder","Male","Boulder is a big, skinny pale gray tom with a ragged left ear, a nicked right ear, and blue eyes"
"Shadowclan","Brackenfoot","Male","Brackenfoot is a pale ginger tom with dark ginger legs"
"Shadowclan","Brightflower","Female","Brightflower is an orange tabby she-cat with a broad, flat face, a snub nose, wide-set amber eyes, and traces of gray around her muzzle"
"Shadowclan","Brightwhisker","Female","Brightwhisker is a brown-and-white she-cat"
"Shadowclan","Brindlestar","Female","No Description"
"Shadowclan","Brownpaw","Male","Brownpaw is a brown tom"
"Shadowclan","Cedarheart","Male","Cedarheart is a muscular dark gray tom with yellow eyes"
"Shadowclan","Cedarstar","Male","Cedarstar is a very dark gray tom with a white underbelly, amber eyes, and a muzzle gray with age"
"Shadowclan","Cinderfur","Male","Cinderfur is a scarred, thin gray tom with orange eyes"
"Shadowclan","Cinnamontail","Female","Cinnamontail is a brown tabby she-cat with white paws, and glossy fur"
"Shadowclan","Cloudpelt","Male","Cloudpelt is a thick-furred white tom with blue eyes"
"Shadowclan","Cloverfoot","Female","Cloverfoot is a gray tabby she-cat"
"Shadowclan","Conefoot","Male","Conefoot is a white-and-gray tom"
"Shadowclan","Crowfrost","Male","Crowfrost is a sleek, black-and-white tom"
"Shadowclan","Crowtail","Female","Crowtail is a sleek, long-legged small black tabby she-cat with green eyes"
"Shadowclan","Darkflower","Female","Darkflower is a black she-cat"
"Shadowclan","Dawncloud","Female","Dawncloud is a small pale ginger tabby she-cat with blue eyes"
"Shadowclan","Dawnpelt","Female","Dawnpelt is a pale cream-furred she-cat"
"Shadowclan","Dawnstar","Female","Dawnstar is a lean creamy-brown she-cat with green eyes"
"Shadowclan","Deerfoot","Male","Deerfoot is a light brown tom"
"Shadowclan","Deerleap","Female","Deerleap is a gray tabby she-cat with white legs"
"Shadowclan","Dewkit","Female","Dewkit is a gray she-cat"
"Shadowclan","Dovewing","Female","Dovewing is a sleek, pale gray she-cat with green eyes and a torn ear"
"Shadowclan","Driftkit","Male","Driftkit is a gray tabby tom with blue eyes"
"Shadowclan","Fallowkit","Female","Fallowkit is a light brown she-cat"
"Shadowclan","Featherstorm","Female","Featherstorm is a dark brown tabby she-cat with yellow eyes"
"Shadowclan","Fernshade","Female","Fernshade is a slender tortoiseshell she-cat with yellow eyes"
"Shadowclan","Ferretclaw","Male","Ferretclaw is a cream-and-gray tom"
"Shadowclan","Finchflight","Male","Finchflight is a black-and-white tom"
"Shadowclan","Firkit","Male","Firkit is a brown tabby tom"
"Shadowclan","Flametail","Male","Flametail is a lean, orange flame-colored tom with broad shoulders and bright blue eyes"
"Shadowclan","Flaxfoot","Male","Flaxfoot is a brown tabby tom"
"Shadowclan","Flintfang","Male","Flintfang is a gray tom with very thick fur on his paws"
"Shadowclan","Flowerstar","Female","Flowerstar is a ginger-and-white she-cat"
"Shadowclan","Flowerstem","Female","Flowerstem is a small silver she-cat"
"Shadowclan","Foxheart","Female","Foxheart is a bright ginger she-cat with smooth fur"
"Shadowclan","Fringewhisker","Female","Fringewhisker is a white she-cat with brown splotches"
"Shadowclan","Frogtail","Male","Frogtail is a dark gray tom"
"Shadowclan","Frondwhisker","Female","Frondwhisker is a gray tabby she-cat"
"Shadowclan","Grassheart","Female","Grassheart is a pale brown tabby she-cat with glossy fur"
"Shadowclan","Gullswoop","Female","Gullswoop is a white she-cat"
"Shadowclan","Harelight","Male","Harelight is a white tom with a long tail"
"Shadowclan","Hollowbelly","Male","Hollowbelly is a black-and-white tom"
"Shadowclan","Hollowspring","Male","Hollowspring is a black tom"
"Shadowclan","Hollyflower","Female","Hollyflower is a sleek, long-legged dark gray-and-white she-cat with blue or green eyes"
"Shadowclan","Hollystar","Female","No Description"
"Shadowclan","Hopekit","Female","Hopekit is a tiny, cream and gray she-cat"
"Shadowclan","Hopwhisker","Female","Hopwhisker is a calico she-cat"
"Shadowclan","Houndstar","Male","Houndstar is a brown-and-white tom"
"Shadowclan","Ivytail","Female","Ivytail is a black, white, and tortoiseshell she-cat. She has a wiry frame and long fur."
"Shadowclan","Jumpfoot","Male","Jumpfoot is a black tom with green eyes"
"Shadowclan","Kinkfur","Female","Kinkfur is a sleek, dark gray tabby  she-cat with long, unkempt fur that sticks out at all angles"
"Shadowclan","Lakestorm","Male","No Description"
"Shadowclan","Lavenderkit","Unknown","Lavenderkit is a silver cat with darker spots"
"Shadowclan","Lightleap","Female","Lightleap is a dark brown tabby she-cat with amber eyes"
"Shadowclan","Lilyfur","Female","Lilyfur is a white she-cat"
"Shadowclan","Lilystar","Female","Lilystar is a pale gray she-cat"
"Shadowclan","Littlebird","Female","Littlebird is a small ginger tabby she-cat"
"Shadowclan","Littlecloud","Male","Littlecloud is a very small, thin, brown tabby tom. He has bright blue eyes, a light brown tail, and a brown nose"
"Shadowclan","Littlekit","Female","Littlekit is a pale brown tabby she-cat with blue eyes"
"Shadowclan","Lizardfang","Male","Lizardfang is a thick-furred, light brown tabby tom with one hooked tooth, skinny limbs, and a broad head"
"Shadowclan","Lizardstripe","Female","Lizardstripe is a pale brown tabby she-cat with a white underbelly, and yellow eyes."
"Shadowclan","Logfur","Male","Logfur is a dark brown tabby tom"
"Shadowclan","Marigoldkit","Female","Marigoldkit is a tiny tortoiseshell she-cat"
"Shadowclan","Marshkit","Male","Marshkit is a little patched brown tom with orange eyes"
"Shadowclan","Marshscar","Male","Marshscar is a heavily-scarred gray tom"
"Shadowclan","Mintkit","Male","Mintkit is a small gray tom"
"Shadowclan","Mistcloud","Female","Mistcloud is a spiky-furred, pale gray she-cat"
"Shadowclan","Molepelt","Male","Molepelt is a small, skinny, rumpled black tom with green eyes and a gray muzzle"
"Shadowclan","Mossfire","Female","Mossfire is a tortoiseshell she-cat"
"Shadowclan","Mossheart","Female","Mossheart is a dark tortoiseshell she-cat with yellow eyes"
"Shadowclan","Mosspaw","Male","Mosspaw is a big brown and white tom with very pale blue eyes"
"Shadowclan","Mothwing","Female","Mothwing is a dappled golden tabby she-cat with amber eyes"
"Shadowclan","Mousewing","Male","Mothwing is a black tom with long thick fur"
"Shadowclan","Mudclaw","Male","Mudclaw is a gray tom with brown legs"
"Shadowclan","Needletail","Female","Needletail is a sleek, silver-gray she-cat with white chest fur, she has a lithe, long body, a thick tail, a small gray nose, and bold green eyes"
"Shadowclan","Nettlespot","Female","Nettlespot is a thin white she-cat with ginger flecks, and blue eyes"
"Shadowclan","Newtspeck","Female","Newtspeck is a small black-and-ginger tabby she-cat"
"Shadowclan","Nightstar","Male","Nightstar is a small, lean, and battered, black tom with a long tail, and a short, glossy pelt. He has bright yellow-green eyes and nicked ears."
"Shadowclan","Nightwhisper","Male","Nightwhisper is a scrawny, sleek brown tom wih green eyes and a distinctive pointed muzzle."
"Shadowclan","Nightwing","Female","Nightwing is a black she-cat"
"Shadowclan","Nutwhisker","Male","Nutwhisker is a brown tom with amber eyes"
"Shadowclan","Oakfur","Male","Oakfur is a small light brown tom with green eyes"
"Shadowclan","Oakleaf","Female","Oakleaf is a she-cat with amber eyes"
"Shadowclan","Olivenose","Female","Olivenose is a tortoiseshell she-cat"
"Shadowclan","Owlclaw","Male","Owlclaw is a light brown tabby tom"
"Shadowclan","Palefoot","Male","Palefoot is a gray tabby tom"
"Shadowclan","Pinenose","Female","Pinenose is a black she-cat"
"Shadowclan","Poolcloud","Female","Poolcloud is a pale gray-and-white she-cat with blue eyes"
"Shadowclan","Pouncestep","Female","Pouncestep is a gray tabby she-cat wth dark amber eyes"
"Shadowclan","Pouncetail","Male","Pouncetail is a brown tabby tom"
"Shadowclan","Puddleshine","Male","Puddleshine is a sleek-furred brown tom with white splotches, pale blue eyes, and scars hidden under his thick pelt"
"Shadowclan","Quietkit","Unknown","Quietkit is a brown tabby cat"
"Shadowclan","Raggedstar","Male","Raggedstar is a large, muscular and broad-shouldered, dark brown tabby tom with patchy fur, scars on his nose, amber eyes, and a shredded, torn ear"
"Shadowclan","Ratscar","Male","Ratscar is a dark brown tom with a long scar across his back"
"Shadowclan","Redscar","Male","Redscar is a reddish-brown tabby tom with a jagged scar that stretches from his ear to his jawline, and pale eyes"
"Shadowclan","Redthistle","Female","Redthistle is a dark ginger she-cat"
"Shadowclan","Ripplestar","Male","Ripplestar is a black-and-orange tom with yellow eyes"
"Shadowclan","Rowanberry","Female","Rowanberry is a cream-and-brown she-cat with amber eyes"
"Shadowclan","Rowanclaw","Male","Rowanclaw is a lithe, flame-colored dark ginger tabby tom with amber eyes"
"Shadowclan","Rowankit","Male","Rowankit is a ginger tabby tom"
"Shadowclan","Rubblekit","Unknown","Rubblekit is a pale gray tabby cat"
"Shadowclan","Runningnose","Male","Runningnose is a small gray-and-white tom with patchy, grizzled, and ungroomed fur. He has a gray muzzle, and rheumy, amber eyes"
"Shadowclan","Russetfur","Female","Russetfur is a sleek, scrawny, dark ginger tabby she-cat with dark green eyes"
"Shadowclan","Sagewhisker","Female","Sagewhisker is a snowy-white she-cat with long whiskers, blue eyes, and a graying muzzle"
"Shadowclan","Scorchfur","Male","Scorchfur is a dark gray tom with ragged, slashed ears, one of which is torn"
"Shadowclan","Scorchwind","Male","Scorchwind is a ginger tabby tom"
"Shadowclan","Sedgestar","Male","Sedgestar is a long-legged, light brown tabby tom"
"Shadowclan","Shadowsight","Male","Shadowsight is a scrawny, little, dark gray tabby tom with wide, dark stripes along his flanks, amber eyes, and a shredded ear that he is unable to move. He is also scarred"
"Shadowclan","Shadowstar","Female","Shadowstar is a lithe, sleek and thick-furred, night-black she-cat with vivid, dark green eyes, the color of sunlight on fresh leaves."
"Shadowclan","Shrewfoot","Female","Shrewfoot is a gray she-cat with black paws"
"Shadowclan","Silverflame","Female","Silverflame is a thick-furred, orange-and-gray she-cat with amber eyes"
"Shadowclan","Silvermask","Male","Silvermask is a tom with a gray stripe on his face"
"Shadowclan","Slatefur","Male","Slatefur is a sleek gray tom"
"Shadowclan","Sloefur","Male","Sloefur is a black tom"
"Shadowclan","Smokefoot","Male","Smokefoot is a black tom"
"Shadowclan","Smokepaw","Male","Smokepaw is a dark gray tom"
"Shadowclan","Smoketalon","Male","Smoketalon is a mottled gray tom"
"Shadowclan","Snaketail","Male","Snaketail is a brown tabby tom"
"Shadowclan","Snaketail","Male","Snaketail is a dark brown tom with a tabby-striped tail and a gray-flecked chin"
"Shadowclan","Snaketooth","Female","Snaketooth is a honey-brown tabby she-cat"
"Shadowclan","Snowbird","Female","Snowbird is a sleek, lithe, well-muscled, pure white she-cat with green eyes, one of her forepaws is not as straight from an injury, and she walks with a limp"
"Shadowclan","Snowstar","Male","Snowstar is a gray tom"
"Shadowclan","Sparrowtail","Male","Sparrowtail is a large brown tabby tom"
"Shadowclan","Spiderfoot","Male","Spiderfoot is a gray tom with black front paws, and pale blue eyes"
"Shadowclan","Spireclaw","Male","Spireclaw is a black and white tom"
"Shadowclan","Splashnose","Female","Splashnose is a dusty-brown tabby she-cat with a white streak on her muzzle"
"Shadowclan","Spottedpaw","Male","Spottedpaw is a small brown tom with ginger flecks, and bright blue eyes"
"Shadowclan","Starlingwing","Male","Starlingwing is a ginger tom"
"Shadowclan","Stoatfur","Male or Female","Stoatfur is a skinny ginger tom OR a tortoiseshell-and-white she-cat"
"Shadowclan","Stonetooth","Male","Stonetooth is a thin, gray tabby tom with long teeth that curve out from under his lip, and a muzzle gray with age"
"Shadowclan","Stonewing","Male","Stonewing is a white tom with a kinked tail and dark blue eyes"
"Shadowclan","Streamkit","Female","Streamkit is a gray tabby she-cat"
"Shadowclan","Strikestone","Male","Strikestone is a brown tabby-and-white tom. One of his ears is shredded, and he has completely lost his hearing in that ear"
"Shadowclan","Sunbeam","Female","Sunbeam is a brown-and-white tabby she-cat with yellow eyes"
"Shadowclan","Sunnytail","Female","Sunnytail is a ginger-and-white she-cat with a bright orange tail"
"Shadowclan","Swampkit","Unknown","Swampkit is a white kit"
"Shadowclan","Tallpoppy","Female","Tallpoppy is a long-legged light brown tabby she-cat"
"Shadowclan","Talonpaw","Male","Talonpaw is a pale gray tom"
"Shadowclan","Tangleburr","Female","Tangleburr is a gray-and-brown she-cat"
"Shadowclan","Tawnypelt","Female","Tawnypelt is a lean, mottled, tortoiseshell-and-white she-cat with clear green eyes"
"Shadowclan","Tigerstar","Male","Tigerstar is a dark brown tabby tom with amber eyes"
"Shadowclan","Toadfoot","Male","Toadfoot is a dark brown tom"
"Shadowclan","Toadskip","Male","Toadskip is a dark brownt abby tom with white splashes, white legs, and blue eyes"
"Shadowclan","Turtlekit","Unknown","Turtlekit is a gray, brown, and white tortoiseshell cat"
"Shadowclan","Violetshine","Female","Violetshine is a small white she-cat with black splotches and yellow eyes. She has glossy fur, wide paws, and a long, thick tail"
"Shadowclan","Volewhisper","Male","Volewhisper is a tiny light brown tom with yellow eyes and a scarred left hind leg"
"Shadowclan","Wasptail","Female","Wasptail is a yellow tabby she-cat with green eyes"
"Shadowclan","Weaselkit","Unknown","No Description"
"Shadowclan","Wetfoot","Male","Wetfoot is a gray tabby tom"
"Shadowclan","Whisperkit","Male","Whisperkit is a gray tom"
"Shadowclan","Whitethroat","Male","Whitethroat is a small black tom with a white chest and paws"
"Shadowclan","Whitewater","Female","Whitewater is a long-furred white she-cat with a blind eye"
"Shadowclan","Whorlpelt","Male","Whorlpelt is a gray-and-white tom"
"Shadowclan","Wildfur","Male","has a broken backbone"
"Shadowclan","Wishkit","Female","Wishkit is a pale ginger tabby she-cat"
"Shadowclan","Wolfstep","Male","Wolfstep is a gray tom with a torn ear"
"Shadowclan","Yarrowleaf","Female","Yarrowleaf is a ginger she-cat with yellow eyes"
"Shadowclan","Yellowstar","Unknown","No Description"
"Skyclan","Acornpaw","Male","Acornpaw is a light brown tom"
"Skyclan","Beechpaw","Unknown","No Description"
"Skyclan","Beechstar","Male","Beechstar is a brown tabby tom with milky blue eyes"
"Skyclan","Beepaw","Female","Beepaw is a white and brown tabby she-cat"
"Skyclan","Beetlekit","Male","Beetlekit is a gray tabby tom"
"Skyclan","Bellaleaf","Female","Bellaleaf is a pale orange she-cat with green eyes. she has long legs and a chin that tapers to a point"
"Skyclan","Billystorm","Male","Billystorm is a long furred ginger and white tom with leaf green eyes and a broad face"
"Skyclan","Birchstar","Unknown","No Description"
"Skyclan","Birdflight","Female","Birdflight is a fluffy, long furred light brown tabby she-cat with amber eyes"
"Skyclan","Birdwing","Female","Birdwing is a black she-cat with a lighter colored muzzle and green eyes"
"Skyclan","Blossomheart","Female","Blossomheart is a fluffy ginger and white she-cat"
"Skyclan","Bouncefire","Male","Bouncefire is a ginger tom with green eyes"
"Skyclan","Brackenheart","Male","Brackenheart is a small pale brown tabby tom"
"Skyclan","Braveheart","Male","Braveheart is a broad shouldered dark tabby tom"
"Skyclan","Brightspirit","Female","Brightspirit is a silver tabby she-cat with green eyes"
"Skyclan","Buzzardstar","Male","Buzzardstar is a ginger tom with green eyes"
"Skyclan","Cherrytail","Female","Cherrytail is a fluffy tortoiseshell and white she-cat with green eyes and hard gray paw pads"
"Skyclan","Cloudmist","Female","Cloudmist is a white she-cat with yellow eyes"
"Skyclan","Cloudstar","Male","Cloudstar is a small, lithe, pale gray tom with very pale water-blue eyes. He has white patches that resemble clouds, and broad shoulders"
"Skyclan","Clovertail","Female","Clovertail is a soft furred light brown she-cat with a white underbelly and legs and green eyes"
"Skyclan","Creekfeather","Male","Creekfeather is a gray tabby tom"
"Skyclan","Darkstar","Male","Darkstar is a dark brown tom with soft, thick fur underlaid with black, nicked ears, and milky yellow eyes"
"Skyclan","Dewspring","Male","Dewspring is a sturdy, gray tom with a broad face"
"Skyclan","Dewstar","Unknown","No Description"
"Skyclan","Duskkit","Male","Duskkit is a white tom with brown paws and ears"
"Skyclan","Duskpaw","Male","Duskpaw is a ginger tabby tom"
"Skyclan","Echosong","Female","Echosong is a silver gray tabby she-cat with a white chest, and green eyes"
"Skyclan","Egg","Male","Egg is a long legged sleek cream colored tom with blue eyes and a shredded ear"
"Skyclan","Emberkit","Female","Emberkit is an orange she-cat"
"Skyclan","Fallensnow","Unknown","No Description"
"Skyclan","Fallowfern","Female","Fallowfern is a pale brown she-cat with blue eyes, who has lost her hearing"
"Skyclan","Fawnstep","Female","Fawnstep is a small light brown tabby she-cat with a white chest, paws, and blue eyes"
"Skyclan","Fennelstar","Unknown","No Description"
"Skyclan","Fernpelt","Female","Fernpelt is a dark brown tabby she-cat"
"Skyclan","Fidgetflake","Male","Fidgetflake is a black and white tom with yellow eyes"
"Skyclan","Firefern","Female","Firefern is a long legged, long furred ginger she-cat with green eyes"
"Skyclan","Flowerstem","Female","Flowerstem is a small silver she-cat"
"Skyclan","Flystar","Male","No Description"
"Skyclan","Frecklewish","Female","Frecklewish is a leggy mottled light brown tabby she-cat with spotted legs and pale green eyes"
"Skyclan","Gorseclaw","Male","Gorseclaw is a broad shouldered dark brown tabby tom with amber eyes"
"Skyclan","Gravelnose","Male","Gravelnose is a tan colored tom"
"Skyclan","Harrybrook","Male","Harrybrook is a gray tom with a paler underside and amber eyes"
"Skyclan","Hatchkit","Male","Hatchkit is a dark gray tom"
"Skyclan","Hawksnow","Male","Hawksnow is a brown tabby tom speckled with white"
"Skyclan","Hawkstar","Male","No Description"
"Skyclan","Hawkwing","Male","Hawkwing is a big sturdy and sleek-furred, dark gray tabby tom with yellow eyes"
"Skyclan","Hazelwing","Female","Hazelwing is an orange tabby she-cat with green eyes"
"Skyclan","Honeyleaf","Female","Honeyleaf is a ginger tabby she-cat with green eyes"
"Skyclan","Honeytail","Female","Honeytail is a pale ginger she-cat with long fur and green eyes"
"Skyclan","Kitescratch","Male","Kitescratch is a reddish-brown tom with a torn ear"
"Skyclan","Leafstar","Female","Leafstar is a mottled pale cream-and-brown tabby she-cat with amber eyes, cream patches, and a long, brown tail, she has a scar on her chest between her forelegs"
"Skyclan","Lichenfur","Female","Lichenfur is a mottled gray she-cat with a rumpled pelt, nicked ears and amber eyes"
"Skyclan","Macgyver","Male","Macgyver is a slender, thick-furred black and white tom"
"Skyclan","Maplestar","Female","Maplestar is a dark ginger she-cat"
"Skyclan","Maplewhisker","Female","No Description"
"Skyclan","Mintfur","Female","Mintfur is a gray tabby she-cat with blue eyes"
"Skyclan","Mintpaw","Female","Mintpaw is a pale gray she-cat"
"Skyclan","Mistfeather","Male","Mistfeather is a mangy, ragged, and skinny gray tom with amber eyes"
"Skyclan","Mistlekit","Female","Mistlekit is a silver tabby she-cat"
"Skyclan","Morningmist","Unknown","No Description"
"Skyclan","Mothpelt","Male","Mothpelt is a black and brown tom"
"Skyclan","Mottlepaw","Male","Mottlepaw is a small black and white tom with white patches and blue eyes"
"Skyclan","Mousefang","Female","Mousefang is a sandy-colored she-cat"
"Skyclan","Nectarsong","Female","Nectarsong is a brown she-cat"
"Skyclan","Needleclaw","Female","Needleclaw is a black and white she-cat with a black chest, and bright eyes"
"Skyclan","Nettlesplash","Male","Nettlesplash is a pale brown tom with green eyes"
"Skyclan","Nightfur","Male","Nightfur is a thin furred black tom with a gray muzzle"
"Skyclan","Nightmask","Male","No Description"
"Skyclan","Oakstep","Male","Oakstep is a gray tabby tom"
"Skyclan","Oddfoot","Male","Oddfoot is a brown tabby tom with one of his paws twisted inward"
"Skyclan","Palesky","Female","Palesky is a black and white she-cat with amber eyes"
"Skyclan","Patchfoot","Male","Patchfoot is a black and white tom with green eyes"
"Skyclan","Pebbleshine","Female","Pebbleshine is a sleek and pale brown-speckled white she-cat with green eyes and a long, thick tail"
"Skyclan","Petalfall","Female","Petalfall is a rose cream furred she-cat with dark green eyes and no teeth"
"Skyclan","Petalnose","Female","Petalnose is a very pale gray almost white she-cat with blue eyes"
"Skyclan","Pigeonfoot","Female","Pigeonfoot is a gray and white she-cat"
"Skyclan","Plumwillow","Female","Plumwillow is a dark gray she-cat with amber eyes"
"Skyclan","Poppycloud","Female","Poppycloud is a tortoiseshell she-cat"
"Skyclan","Quailfeather","Female","Has a long, thick coat"
"Skyclan","Quailfeather","Male","Quailfeather is a white tom with crow-black ears"
"Skyclan","Quailheart","Male","Quailheart is a dappled gray tom"
"Skyclan","Rabbitleap","Male","Rabbitleap is a short-furred brown tom with yellow eyes"
"Skyclan","Raincloud","Female","No Description"
"Skyclan","Rainfur","Male","Rainfur is a light gray tom with dark gray flecks"
"Skyclan","Rainleap","Female","Rainleap is a silver tabby she-cat with blue eyes"
"Skyclan","Rainsplash","Male","Rainsplash is a speckled gray tom"
"Skyclan","Reedclaw","Female","Reedclaw is a small pale brown tabby she-cat"
"Skyclan","Ridgekit","Female","Ridgekit is a reddish she-cat with a white nose"
"Skyclan","Rileypool","Male","Rileypool is a broad-shouldered pale gray tabby tom with dark gray stripes, one dark gray ear, and blue eyes"
"Skyclan","Robinstar","Unknown","No Description"
"Skyclan","Robinwing","Male","No Description"
"Skyclan","Rockshade","Male","Rockshade is a black tom with a torn ear and orange eyes"
"Skyclan","Rootspring","Male","Rootspring is a fluffy bright yellow tom with a broad head and shoulders, a torn ear, and sky blue eyes"
"Skyclan","Rowanstar","Male","Rowanstar is a black and brown tom"
"Skyclan","Rubblepaw","Male","No Description"
"Skyclan","Sagenose","Male","Sagenose is a pale gray tom"
"Skyclan","Sandynose","Male","Sandynose is a stocky light brown tabby tom with ginger legs and amber eyes"
"Skyclan","Sharpclaw","Male","Sharpclaw is a dark ginger tabby tom with braod shoulders, powerful haunches and hind legs, and green eyes"
"Skyclan","Shiningheart","Female","Shiningheart is a silver tabby she-cat"
"Skyclan","Shrewtooth","Male","Shrewtooth is a long furred skinny black tom with yellow eyes"
"Skyclan","Skystar","Male","Skystar is a light gray tom with blue eyes"
"Skyclan","Skywatcher","Male","Skywatcher is a big, taill, dark gray tom. He has thick, scarred, matted fur, a white-flecked muzzle, and huge, pale blue eyes."
"Skyclan","Snailpaw","Male","Snailpaw is a dark brown tabby tom with soft fur"
"Skyclan","Snipkit","Female","Snipkit is a tiny black she-cat with a white patch on her chest"
"Skyclan","Sparrowpelt","Male","Sparrowpelt is a dark brown tabby tom with yellow eyes"
"Skyclan","Spiderpelt","Unknown","No Description"
"Skyclan","Spiderstar","Male","Spiderstar is a big, dark brown tabby tom"
"Skyclan","Spottedpelt","Female","Spottedpelt is a slender, dappled tortoiseshell she-cat"
"Skyclan","Squirrelfur","Male","Squirrelfur is a red brown tom"
"Skyclan","Starlingfeather","Male","Starlingfeather is a dark brown tom with rheumy amber eyes"
"Skyclan","Stoatfur","Male","Stoatfur is an orange and white tom"
"Skyclan","Stormheart","Female","Stormheart is a gray and ginger she-cat with amber eyes"
"Skyclan","Strikestone","Male","Strikestone is a brown tabby and white tom. One of his ears is shredded, and he has completely lost his hearing in that ear"
"Skyclan","Sunnypelt","Female","Sunnypelt is a ginger she-cat"
"Skyclan","Sunpelt","Unknown","No Description"
"Skyclan","Swallowflight","Male","Swallowflight is a long legged black tom"
"Skyclan","Tangle","Male","Tangle is a large tabby tom with ragged, rumpled fur and amber eyes"
"Skyclan","Tansypaw","Female","Tansypaw is a cream colored she-cat with a pink nose"
"Skyclan","Tinycloud","Female","Tinycloud is a small, slight-framed, white she-cat with deep blue eyes and thick smooth fur"
"Skyclan","Tree","Male","Tree is a small, thickly pelted, muscular, bright yellow tom with amber eyes, and he has six toes on one of his hind paws"
"Skyclan","Turtlecrawl","Female","Turtlecrawl is a tortoiseshell she-cat"
"Skyclan","Twigtail","Male","No Description"
"Skyclan","Violetshine","Female","Violetshine is a small white she-cat with black splotches and yellow eyes. She has glossy fur, wide paws, and a long thick tail"
"Skyclan","Waspwhisker","Male","Waspwhisker is a gray and white tom with blue eyes and a scar that stretches from under his belly almost to his tail"
"Skyclan","Weaselwhisker","Male","Weaselwhisker is a brown and ginger tom"
"Skyclan","Webkit","Male","Webkit is a pale gray tom"
"Skyclan","Wrenflight","Female","Wrenflight is a golden tabby she-cat"
"Thunderclan","Adderfang","Male","Adderfang is a mottled, dark brown tabby tom with yellow eyes. He has massive shoulders and a broad head"
"Thunderclan","Alderheart","Male","Alderheart is a sturdy dark ginger tom with a white tipped tail, and amber eyes"
"Thunderclan","Amberclaw","Male","Amberclaw is a long-legged tom"
"Thunderclan","Ambermoon","Female","Ambermoon is a small, pale ginger she-cat with amber eyes"
"Thunderclan","Bayshine","Male","Bayshine is a golden tabby tom with white splotches"
"Thunderclan","Beechfur","Male","No Description"
"Thunderclan","Beetail","Male","Beetail is a dark brown tabby tom with near-black stripes, amber eyes, and long legs and a long tail"
"Thunderclan","Berrynose","Male","Berrynose is a cream-colored tom with a stump for a tail"
"Thunderclan","Birchface","Male","Birchface is a dark brown, almost black, tabby tom"
"Thunderclan","Birchfall","Male","Birchfall is a light brown tabby tom with amber eyes and glossy fur"
"Thunderclan","Birdflight","Female","Birdflight is a fluffy, long-furred, light brown tabby she-cat with amber eyes"
"Thunderclan","Bloomheart","Male","Bloomheart is a gray tabby tom"
"Thunderclan","Blossomfall","Female","Blossomfall is a long and thick-furred tortoiseshell-and-white she-cat with petal shaped white patches"
"Thunderclan","Bluestar","Female","Bluestar is a pale blue-gray she-cat with blue eyes"
"Thunderclan","Brackenfur","Male","Brackenfur is a golden-brown tabby tom with amber eyes. He has fur around his muzzle that is fading to gray, long legs, and a scar on his flank."
"Thunderclan","Bramblestar","Male","Bramblestar is a dark brown tabby tom with amber eyes"
"Thunderclan","Briarlight","Female","Briarlight is a sleek-furred dark brown she-cat with sky-blue eyes"
"Thunderclan","Brightheart","Female","Brightheart is a white she-cat with ginger patches, a single blue eye, and fur torn away from one side of her face"
"Thunderclan","Brindleface","Female","Brindleface is a pale gray tabby she-cat with darker flecks and green eyes"
"Thunderclan","Bristlefrost","Female","Bristlefrost is a thick-furred pale gray she-cat with blue-green eyes, neat ears, and long whiskers"
"Thunderclan","Bristlekit","Female","Bristlekit is a orange-and-white tabby she-cat"
"Thunderclan","Bumblestripe","Male","Bumblestripe is a bulky, big, very pale gray tom. He has black stripes that resemble a bumblebee, thick fur, a torn ear, and yellow eyes."
"Thunderclan","Cherryfall","Female","Cherryfall is a ginger she-cat with amber eyes"
"Thunderclan","Cherrypaw","Unknown","Cherrypaw is a ginger-and-white cat"
"Thunderclan","Chestnutkit","Unknown","Chestnutkit is a reddish-brown cat with lighter parts"
"Thunderclan","Cinderheart","Female","Cinderheart is a smoky-gray tabby she-cat with dark blue eyes"
"Thunderclan","Cinderpelt","Female","Cinderpelt is a small and sleek-furred, smoky-dark gray she-cat with pale blue eyes, and a twisted hind leg"
"Thunderclan","Cloudberry","Female","Cloudberry is a white she-cat with yellow eyes. She has thick, long fur, bony haunches, and a broad flattened muzzle"
"Thunderclan","Cloudtail","Male","Cloudtail is a heavy, snowy-white tom with blue eyes. He has fluffy, thick and long fur"
"Thunderclan","Cricketkit","Unknown","Cricketkit is a blue-gray cat"
"Thunderclan","Daisy","Female","Daisy is a broad-backed, long-furred, cream she-cat with pale blue eyes, a fluffy tail, and soft fur"
"Thunderclan","Daisyheart","Female","Daisyheart is a she-cat with a ginger-and-white face"
"Thunderclan","Daisytoe","Female","Daisytoe is a gray-and-white she-cat with yellow eyes"
"Thunderclan","Dandelionkit","Female","Dandelionkit is a pale ginger tabby she-cat with paler markings and glossy fur"
"Thunderclan","Dappletail","Female","Dappletail is a broad-shouldered, dappled trotoiseshell-and-white she-cat with white patches, a patchy, thick, shiny pelt, amber eyes, and a muzzle gray with age"
"Thunderclan","Dawnfeather","Female","Dawnfeather is a pale orange she-cat with a white belly, white paws, and pale blue eyes"
"Thunderclan","Deerdapple","Female","Deerdapple is a silver-and-black tabby she-cat"
"Thunderclan","Dewnose","Male","Dewnose is a gray-and-white tom with amber eyes"
"Thunderclan","Doestar","Female","Doestar is a tall, pale cream, fawn, and white she-cat with amber eyes, a cream-colored tail, and a creamy ruff"
"Thunderclan","Dustpelt","Male","Dustpelt is a lithe, heavy dark brown tabby tom with amber eyes. He also has fur around his muzzle that is fading to gray"
"Thunderclan","Eaglestorm","Male","Eaglestorm is a gray tom with green eyes"
"Thunderclan","Eaglewing","Female","Eaglewing is a ginger she-cat"
"Thunderclan","Elderkit","Male","Elderkit is a tiny, dark gray tom"
"Thunderclan","Fallowpaw","Unknown","No Description"
"Thunderclan","Fallowsong","Female","Fallowsong is a light brown she-cat"
"Thunderclan","Featherkit","Male","Featherkit is a deaf white tom with blue eyes"
"Thunderclan","Featherwhisker","Male","Featherwhisker is a smooth and thick-furred, pale silver-gray tom with bright amber eyes, long whiskers, and a sweeping,  plumy tail"
"Thunderclan","Featherwing","Female","Featherwing is a pale gray she-cat"
"Thunderclan","Ferncloud","Female","Ferncloud is a little, short-furred pale gray she-cat with darker flecks, and pale leaf-green eyes"
"Thunderclan","Fernsong","Male","Fernsong is a pale yellow tabby tom"
"Thunderclan","Fernstripe","Female","Fernstripe is a gray tabby she-cat"
"Thunderclan","Finchlight","Female","Finchlight is tortoiseshell she-cat with orange in her fur"
"Thunderclan","Finchstar","Male","Finchstar is a ginger tabby and white tom with amber eyes"
"Thunderclan","Finleap","Male","Finleap is a light brown tom with ginger legs and ears, yellow eyes, and part of his tail missing"
"Thunderclan","Firestar","Male","Firestar is a bright flame-colored tom with emerald-green eyes"
"Thunderclan","Flamenose","Male","Flamenose is a ginger tom with amber eyes"
"Thunderclan","Flashnose","Female","Flashnose is a dark ginger she-cat with a white muzzle"
"Thunderclan","Flickerkit","Male","Flickerkit is a orange-and-black tom"
"Thunderclan","Flipclaw","Male","Flipclaw is a brown tabby tom with golden eyes"
"Thunderclan","Flowerpaw","Female","Flowerpaw is a she-cat with a dappled gray head"
"Thunderclan","Foxleap","Male","Foxleap is a reddish tabby tom with glossy fur"
"Thunderclan","Frostfur","Female","Frostfur is a pure snow-white she-cat with dark sky-blue eyes and sleek, soft fur"
"Thunderclan","Fuzzypelt","Male","Fuzzypelt is a black tom with fur that stands on end, yellow eyes, and a thick-furred tail"
"Thunderclan","Goldenflower","Female","Goldenflower is a sleek small, pale ginger tabby she-cat. She has a small nick in one ear, and yellow eyes"
"Thunderclan","Gooseberry","Female","Gooseberry is a pale yellow tabby she-cat"
"Thunderclan","Goosefeather","Male","Goosefeather is a speckled gray tom with pale blue eyes"
"Thunderclan","Graykit","Male","Graykit is a white tom with gray spots"
"Thunderclan","Graystripe","Male","Graystripe is a dark grey tom with yellow eyes, and a stripe of darker gray fur running down his back"
"Thunderclan","Greeneyes","Female","Greeneyes is a gray tabby she-cat with startlingly green eyes"
"Thunderclan","Halftail","Male","Halftail is a big, broad-shouldered, dark brown tabby tom with patchy fur, yellow eyes, and part of his tail missing"
"Thunderclan","Harepounce","Female","Harepounce is a light brown she-cat with yellow eyes"
"Thunderclan","Hazeltail","Female","Hazeltail is a small gray-and-white she-cat with a lean, whippy tail like the branches of a hazel tree"
"Thunderclan","Heronwing","Male","Heronwing is a dark brown tabby tom with yellow eyes"
"Thunderclan","Hollykit","Female","Hollykit is a brown tabby she-cat with amber eyes"
"Thunderclan","Hollyleaf","Female","Hollyleaf is a slender, long-legged, black she-cat with soft and long fur. She has green eyes, and a bushy tail"
"Thunderclan","Hollypelt","Female","Hollypelt is a black she-cat with green eyes"
"Thunderclan","Hollytuft","Female","Hollytuft is a black she-cat"
"Thunderclan","Honeyfern","Female","Honeyfern is a sleek, lithe, dappled, light brown tabby she-cat with blue eyes"
"Thunderclan","Honeyfur","Female","Honeyfur is a white she-cat with yellow splotches and green eyes"
"Thunderclan","Icecloud","Female","Icecloud is a sleek, snowy-white she-cat with bright blue eyes"
"Thunderclan","Ivypool","Female","Ivypool is a silver-and-white tabby she-cat with dark blue eyes"
"Thunderclan","Jayfeather","Male","Jayfeather is a gray tabby tom with blind blue eyes"
"Thunderclan","Juniperkit","Male","Juniperkit is a dark brown tabby-and-white tom with glossy fur"
"Thunderclan","Kestrelwing","Male","Kestrelwing is a dark brown tabby tom"
"Thunderclan","Larchkit","Male","Larchkit is a soft-furred dark brown tom"
"Thunderclan","Larchkit","Female","Larchkit is a brown tabby she-cat"
"Thunderclan","Larksong","Male","Larksong is a black tom"
"Thunderclan","Larksong","Female","Larksong is a tortoiseshell she-cat with pale leaf-green eyes and a dull, ragged pelt"
"Thunderclan","Leafpool","Female","Leafpool is a small, lithe, pale brown tabby she-cat with amber eyes. She has a white chest and paws"
"Thunderclan","Leafshade","Female","Leafshade is a tortoiseshell she-cat"
"Thunderclan","Leafstorm","Female","Leafstorm is a ginger she-cat with green eyes"
"Thunderclan","Leopardfoot","Female","Leopardfoot is a sleek, mottled, raven-black she-cat with green eyes"
"Thunderclan","Lilyheart","Female","Lilyheart is a small dark gray tabby she-cat with white patches and blue eyes"
"Thunderclan","Lionblaze","Male","Lionblaze is a golden tabby tom with amber eyes and thick fluff ringing around his neck"
"Thunderclan","Lionheart","Male","Lionheart is a golden tabby tom with green eyes, and thick fur like a lion's mane"
"Thunderclan","Lionstar","Male","Lionstar is a massive ginger tom with long fur"
"Thunderclan","Littlestep","Male","Littlestep is a black-and-white tom with blue eyes"
"Thunderclan","Longtail","Male","Longtail is a lean, pale brown OR silver tabby tom with black stripes and pale blue eyes. He has a V shaped nick in his ear, and a long tail."
"Thunderclan","Lynxkit","Unknown","Lynxkit is a ginger cat with black patches"
"Thunderclan","Millie","Female","Millie is a small, short-furred light gray tabby she-cat with blue eyes and a torn ear. She is nearly deaf"
"Thunderclan","Mistkit","Female","Mistkit is a gray she-cat"
"Thunderclan","Mistlekit","Female","Mistlekit is a dark gray tabby she-cat"
"Thunderclan","Mistpelt","Female","Mistpelt is a thick-furred pale gray she-cat with green eyes"
"Thunderclan","Molepaw","Male","Molepaw is large black and gray tom"
"Thunderclan","Molewhisker","Male","Molewhisker is a large brown-and-cream tom with amber eyes"
"Thunderclan","Moonflower","Female","Moonflower is a silver-gray she-cat with dark stripes and pale yellow eyes"
"Thunderclan","Morningstar","Male","Morningstar is a long-legged gray tom with pale blue eyes"
"Thunderclan","Mossheart","Unknown","No Description"
"Thunderclan","Mosskit","Female","Mosskit is a pale gray-and-white she-cat with sleek fur. She has a pink nose and bright blue eyes"
"Thunderclan","Mothwhisker","Male","Mothwhisker is gray-and-brown tom with patchy fur"
"Thunderclan","Mousefur","Female","Mousefur is a small dusky brown she-cat with eyes the color of sunlit ice"
"Thunderclan","Mousewhisker","Male","Mousewhisker is a big, muscular gray-and-white tom with fluffy, thick, soft fur and green eyes"
"Thunderclan","Mumblefoot","Male","Mumblefoot is a small, mangy, graying, thick-furred brown tom with amber eyes"
"Thunderclan","Myrtlebloom","Female","Myrtlebloom is a pale brown she-cat"
"Thunderclan","Nettlebreeze","Male","Nettlebreeze is a ragged ginger tom with cloudy, rheumy eyes"
"Thunderclan","Nettleclaw","Male","Nettleclaw is a gray tabby tom with dark gray stripes"
"Thunderclan","Nightheart","Male","Nightheart is a skinny black tom with amber eyes and long whiskers"
"Thunderclan","Nightkit","Female","Nightkit is a black she-cat"
"Thunderclan","Oakstar","Male","Oakstar is a broad-shouldered, glossy-furred sturdy dark brown tom with amber eyes"
"Thunderclan","Oatspeckle","Unknown","No Description"
"Thunderclan","Oatwhisker","Male","Oatwhisker is a broad-shouldered brown tom"
"Thunderclan","One-Eye","Female","One-Eye is a pale gray she-cat who is virtually blind and deaf. A knotted scar covers the lid of her missing eye, and her remaining eye is yellow."
"Thunderclan","Owlstar","Male","No Description"
"Thunderclan","Owlstar","Male","Owlstar is a lean, lithe, sleek, dark gray tom with wide,  brilliant, amber eyes, and broad shoulders"
"Thunderclan","Patchkit","Male","Patchkit is a pale, patched ginger-and-white tom with green eyes, fluffy, glossy fur, and a tiny bit of black fur"
"Thunderclan","Patchpelt","Male","Patchpelt is a small black-and-white tom with smooth fur, and amber eyes"
"Thunderclan","Pearnose","Female","Pearnose is a dark brown tabby she-cat"
"Thunderclan","Petalkit","Female","Petalkit is a fluffy, pale brown she-kit"
"Thunderclan","Pineclaw","Male","Pineclaw is a dark brown tom. He has a rip in one ear stretching all the way from the base of the ear to the tip"
"Thunderclan","Plumstone","Female","Plumstone is a sturdy, black-and-ginger she-cat"
"Thunderclan","Poppydawn","Female","Poppydawn is a long-haired dark red she-cat with an extremely bushy tail and amber eyes"
"Thunderclan","Poppyfrost","Female","Poppyfrost is a sleek, slender, dappled, pale tortoiseshell-and-white she-cat"
"Thunderclan","Prickleface","Male","No Description"
"Thunderclan","Purdy","Male","Purdy is a dark brown tabby tom with a gray muzzle, and rheumy amber eyes"
"Thunderclan","Rabbitfur","Male","Rabbitfur is a gray tabby tom"
"Thunderclan","Rabbitleap","Male","Rabbitleap is a light brown tom with thick fur"
"Thunderclan","Rainfur","Female","Rainfur is a speckled ginger-and-white she-cat with amber eyes"
"Thunderclan","Rainwhisker","Male","Rainwhisker is a dark gray tom with blue eyes"
"Thunderclan","Ravenwing","Male","Ravenwing is a small, thick-furred black tom with dark blue eyes"
"Thunderclan","Redstar","Male","Redstar is a muscular dark ginger tom with yellow eyes"
"Thunderclan","Redtail","Male","Redtail is a dark tortoiseshell tom with a bushy dark ginger tail and amber eyes"
"Thunderclan","Robinwing","Female","Robinwing is a small dusky brown she-cat with a ginger patch on her chest, amber eyes, and a thick-furred tail"
"Thunderclan","Rockfall","Male","Rockfall is a silver tom with blue eyes"
"Thunderclan","Rooktail","Male","Rooktail is a black tom with blue eyes"
"Thunderclan","Rosepetal","Female","Rosepetal is a lithe, dark cream she-cat with amber eyes"
"Thunderclan","Rosetail","Female","Rosetail is a gray tabby she-cat with a bushy, pinkish-orange tail"
"Thunderclan","Runningwind","Male","Runningwind is a lean, lithe, muscular, light brown tabby tom with green eyes and a narrow face"
"Thunderclan","Sandstorm","Female","Sandstorm is a pale ginger she-cat with barely visible stripes of darker fur, and leaf-green eyes"
"Thunderclan","Seedpaw","Female","Seedpaw is a golden-brown she-cat"
"Thunderclan","Seedpelt","Female","Seedpelt is a gray she-cat with darker flecks and blue eyes"
"Thunderclan","Seedpelt","Male","Seedpelt is a light brown-and-white tom"
"Thunderclan","Seedpelt","Female","Seedpelt is a gray she-cat"
"Thunderclan","Shellfur","Male","Shellfur is a tortoiseshell tom with green eyes"
"Thunderclan","Shrewpaw","Male","Shrewpaw is a small dark brown tom with amber eyes and a narrow muzzle"
"Thunderclan","Smallear","Male","Smallear is a gray tom with very small ears, amber eyes, and a nick in one ear"
"Thunderclan","Snowbush","Male","Snowbush is a fluffy white tom with amber eyes"
"Thunderclan","Snowfur","Female","Snowfur is a white she-cat with gray-tipped ears and blue eyes"
"Thunderclan","Snowkit","Male","Snowkit is a small, sturdy deaf white tom with blue eyes"
"Thunderclan","Songbird","Female","Songbird is a light brown tabby she-cat with white front paws and amber eyes"
"Thunderclan","Sootfur","Male","Sootfur is a lighter gray tom with amber eyes"
"Thunderclan","Sorrelstripe","Female","Sorrelstripe is a dark brown she-cat"
"Thunderclan","Sorreltail","Female","Sorreltail is a sturdy, slender, dappled tortoiseshell-and-white she-cat with amber eyes, a soft tail, and a white chest and paws"
"Thunderclan","Sparkpelt","Female","Sparkpelt is a flame-colored tabby she-cat with bright emerald green eyes"
"Thunderclan","Speckletail","Female","Speckletail is a pale golden tabby she-cat with amber eyes"
"Thunderclan","Spiderleg","Male","Spiderleg is a lithe, long-limbed, black tom with a brown underbelly, and amber eyes. He has a long tail, glossy fur, and a muzzle flecked with gray"
"Thunderclan","Spotfur","Female","Spotfur is a gray-and-white spotted tabby she-cat with blue eyes"
"Thunderclan","Spottedleaf","Female","Spottedleaf is a dark tortoiseshell-and-white she-cat with amber eyes"
"Thunderclan","Squirrelflight","Female","Squirrelflight is a dark ginger she-cat with one white paw, a squirrel-like, bushy tail, and green eyes"
"Thunderclan","Stagleap","Male","Stagleap is a gray tabby tom with amber eyes"
"Thunderclan","Stemkit","Male","Stemkit is an orange tabby tom"
"Thunderclan","Stemleaf","Male","Stemleaf is a sleek white-and-orange tom with green eyes and a torn ear"
"Thunderclan","Stonepelt","Male","Stonepelt is a gray tabby tom with a long scar on his shoulder and a broad head"
"Thunderclan","Stormcloud","Male","Stormcloud is a gray tabby tom"
"Thunderclan","Stormtail","Male","Stormtail is a large, sleek, dark blue-gray tom with blue eyes, a broad head and shoulders"
"Thunderclan","Sunstar","Male","Sunstar is a large bright sun-colored ginger tom with long fur, a broad face, yellow eyes, and a torn ear"
"Thunderclan","Sweetbriar","Female","Sweetbriar is a light brown tabby she-cat with white paws and green eyes"
"Thunderclan","Sweetpaw","Female","Sweetpaw is a small white she-cat with tortoiseshell patches, and tiny ears"
"Thunderclan","Swiftbreeze","Female","Swiftbreeze is a brown tabby-and-white she-cat with yellow eyes, and white markings on her face"
"Thunderclan","Swiftpaw","Male","Swiftpaw is a small black-and-white tom with pale amber eyes"
"Thunderclan","Squirrelwhisker","Female","Squirrelwhisker is a dark brown tabby she-cat with amber eyes and long, pale whiskers"
"Thunderclan","Tawnyspots","Male","Tawnyspots is a light gray tabby tom with amber eyes, tufted ears, and pale brown spots on his belly"
"Thunderclan","Thistletail","Unknown","No Description"
"Thunderclan","Thornclaw","Male","Thornclaw is a golden-brown tabby tom with pale blue eyes"
"Thunderclan","Thriftear","Female","Thriftear is a dark grey she-cat with pale amber eyes"
"Thunderclan","Thrushpelt","Male","Thrushpelt is a sandy-gray tom with a white flash on his chest that looks like a fluffy cloud, and bright green eyes"
"Thunderclan","Thrushtalon","Male","Thrushtalon is a light brown tabby tom"
"Thunderclan","Thunderstar","Male","Thunderstar is a ginger tom with amber eyes and big white paws"
"Thunderclan","Toadstep","Male","Toadstep is a heavy, thick-furred black-and-white tom"
"Thunderclan","Tulipkit","Male","Tulipkit is a pale gray tom with darker flecks"
"Thunderclan","Twigbranch","Female","Twigbranch is a slender, gray she-cat with green eyes. She has fluffy and glossy fur, and her ear-tip is sliced"
"Thunderclan","Vinestar","Male","Vinestar is a gray tom with a long, winding tail"
"Thunderclan","Vinetail","Male","No Description"
"Thunderclan","Weedwhisker","Male","Weedwhisker is a pale orange tom with white flecks and yellow eyes"
"Thunderclan","Whitestar","Male","Whitestar is a pale tom with dark eyes"
"Thunderclan","Whitestorm","Male","Whitestorm is a snowy-white tom with yellow eyes"
"Thunderclan","Whitewing","Female","Whitewing is a small, soft-furred, snowy-white she-cat with green eyes, and broad shoulders"
"Thunderclan","Willowpelt","Female","Willowpelt is a slender, very pale silver-gray she-cat with unusual blue eyes"
"Thunderclan","Windflight","Male","Windflight is a broad-shouldered, long-legged, gray tabby tom with pale green eyes and a thick-furred tail"
"Thunderclan","Yellowfang","Female","Yellowfang is a dark gray she-cat with orange eyes, a broad, flattened face, and long, matted fur"
"Windclan","Acorntail","Male","No Description"
"Windclan","Adderkit","Male","No Description"
"Windclan","Adderpaw","Male","No Description"
"Windclan","Appledawn","Female","Appledawn is a pale rose-cream she-cat"
"Windclan","Appleshine","Female","Appleshine is a yellow tabby she-cat"
"Windclan","Ashfoot","Female","Ashfoot is a broad-faced gray she-cat with blue eyes"
"Windclan","Aspenfall","Male","Aspenfall is a lithe, gray-and-white tom. He has sleek fur, long legs, and a wiry tail"
"Windclan","Barkface","Male","Barkface is a dark brown tom with a short tail, a graying muzzle and yellow eyes"
"Windclan","Birchstar","Unknown","No Description"
"Windclan","Boulderfur","Male","Boulderfur is a large pale gray tom"
"Windclan","Brackenwing","Female","Brackenwing is a pale ginger she-cat"
"Windclan","Breezepelt","Male","Breezepelt is a lean black tom with amber eyes"
"Windclan","Brindlewing","Female","Brindlewing is a mottled brown she-cat"
"Windclan","Bristleback","Male","Bristleback is a black tom"
"Windclan","Brookkit","Male","Brookkit is a black-and-white tom"
"Windclan","Brushpaw","Male","Brushpaw is a sturdy ginger tom"
"Windclan","Buzzardkit","Unknown","No Description"
"Windclan","Cherryfeather","Unknown","No Description"
"Windclan","Chiveclaw","Male","Chiveclaw is a dark brown tom with yellow eyes"
"Windclan","Cloudrunner","Male","Cloudrunner is a lithe, pale gray tom with sleek fur, long legs, and a wiry tail"
"Windclan","Cloversplash","Female","Cloversplash is a lightly-built dark brown she-cat with a white flash on her nose"
"Windclan","Crouchfoot","Male","Crouchfoot is a ginger tom"
"Windclan","Crowfeather","Male","Crowfeather is a dark smoky-gray, almost black, tom with blue eyes"
"Windclan","Crowfur","Male","Crowfur is a black tom with a silver muzzle, a scarred flank, and short, patchy fur"
"Windclan","Daisytail","Female","Daisytail is a light brown she-cat with ginger patches and blue eyes"
"Windclan","Darkfoot","Male","Darkfoot is a blue-gray tom with darker paws, a paler chest and belly, a white muzzle, and yellow eyes"
"Windclan","Dawnstripe","Female","Dawnstripe is a pale gold tabby she-cat with creamy-colored stripes, a scar on her muzzle, and a gold-banded tail"
"Windclan","Deadfoot","Male","Deadfoot is a small, lean black tom with an unusable, twisted left forepaw"
"Windclan","Dewspots","Female","Dewspots is a spotted gray tabby she-cat"
"Windclan","Doespring","Female","Doespring is a light brown she-cat"
"Windclan","Dovestar","Male","No Description"
"Windclan","Downkit","Unknown","Downkit is a black cat"
"Windclan","Duststar","Male","No Description"
"Windclan","Eaglekit","Unknown","Eaglekit is a gray cat"
"Windclan","Eaglestorm","Male","Eaglestorm is a gray tom with green eyes"
"Windclan","Emberfoot","Male","Emberfoot is a gray tom with two darker gray paws"
"Windclan","Fallowstar","Unknown","No Description"
"Windclan","Featherpelt","Female","Featherpelt is a gray tabby she-cat"
"Windclan","Featherstar","Female","has blue eyes"
"Windclan","Fernstripe","Female","Fernstripe is a gray tabby she-cat"
"Windclan","Finchkit","Female","Finchkit is a ginger she-cat"
"Windclan","Flailfoot","Male","Flailfoot is a black tom with yellow eyes"
"Windclan","Flamepelt","Male","Flamepelt is a dark ginger tom"
"Windclan","Flutterfoot","Male","Flutterfoot is a brown-and-white tom"
"Windclan","Flytail","Male","Flytail is a snowy-white tom"
"Windclan","Furzepelt","Female","Furzepelt is a gray-and-white she-cat"
"Windclan","Galekit","Female","Galekit is a white-and-brown tabby she-cat"
"Windclan","Gorseclaw","Unknown","No Description"
"Windclan","Gorsefoot","Male","Gorsefoot is a gray tabby tom"
"Windclan","Gorsepaw","Male","Gorsepaw is a small, lean, brown tabby tom with short, thick fur"
"Windclan","Gorsestar","Male","Gorsestar is a wiry gray tabby tom with green eyes a long tail, and spiky head fur"
"Windclan","Gorsetail","Female","Gorsetail is a mottled, very pale gray-and-white tabby she-cat with blue eyes, and a gray-and-white paw and tail"
"Windclan","Gorsetail","Male","Gorsetail is a tom with a tawny paw"
"Windclan","Hareflight","Female","Harelight is a light brown she-cat"
"Windclan","Hareflight","Male","Hareflight is a light brown tom"
"Windclan","Harestar","Male","Harestar is a small, lithe, brown-and-white tom with sleek fur"
"Windclan","Hawkfoot","Female","Hawkfoot is a dark brown she-cat"
"Windclan","Hawkfur","Male","Hawkfur is a black tom"
"Windclan","Hawkheart","Male","Hawkheart is a stone-gray tom with flecks of darker brown fur, yellow eyes, and graying whiskers"
"Windclan","Hazelstar","Male","Hazelstar is a ginger tom"
"Windclan","Heatherstar","Female","Heatherstar is a small pale pinkish-gray she-cat with blue eyes, and a sleek, thick pelt"
"Windclan","Heathertail","Female","Heathertail is a lithe, light brown tabby she-cat with wide, smoky, heather-blue eyes, and sleek, soft, and thick fur"
"Windclan","Hickorynose","Male","Hickorynose is a reddish-brown tom"
"Windclan","Hillkit","Unknown","Hillkit is a light gray cat"
"Windclan","Hootwhisker","Male","Hootwhisker is a dark gray tom"
"Windclan","Kestrelflight","Male","Kestrelflight is a soft-furred, mottled gray tom with white splotches like kestrel feathers"
"Windclan","Larksplash","Female","Larksplash is a tortoiseshell-and-white she-cat"
"Windclan","Larkwing","Female","Larkwing is a pale brown tabby she-cat"
"Windclan","Larkwing","Female","Larkwing is a silver-and-black tabby she-cat"
"Windclan","Leafshine","Female","Leafshine is a brown tabby she-cat with glossy fur and a white belly, legs, and chin"
"Windclan","Leaftail","Male","Leaftail is a lithe dark tabby tom with amber eyes"
"Windclan","Lilywhisker","Female","Lilywhisker is a light brown she-cat with an injured hind leg and amber eyes"
"Windclan","Meadowslip","Female","Meadowslip is a light gray she-cat"
"Windclan","Midgepelt","Male","Midgepelt is a brown tom with patchy fur"
"Windclan","Milkfur","Male","Milkfur is a creamy-white tom"
"Windclan","Mistmouse","Female","Mistmouse is a light brown tabby she-cat"
"Windclan","Morningcloud","Female","Morningcloud is a dark gray she-cat"
"Windclan","Morningflower","Female","Morningflower is a tortoiseshell and white she-cat with amber eyes"
"Windclan","Mudclaw","Male","Mudclaw is a wiry, mottled dark brown tabby tom with amber eyes"
"Windclan","Muddyclaw","Male","Muddyclaw is a small, short-furred brown and white patched tom with lighter brown patches and yellow eyes"
"Windclan","Mudpuddle","Male","Mudpuddle is a brown and white tom"
"Windclan","Nightcloud","Female","Nightcloud is a muscular, wiry sleek-furred black she-cat with amber eyes"
"Windclan","Oatclaw","Male","Oatclaw is a pale brown tabby tom"
"Windclan","Oatwhisker","Male","Oatwhisker is a creamy-brown tabby tom"
"Windclan","Onestar","Male","Onestar is a small and lean, lithe, mottled, pale brown tabby tom with amber eyes, small paws, and a scar behind one ear"
"Windclan","Owlwhisker","Male","Owlwhisker is a light brown tabby tom with yellow eyes"
"Windclan","Palebird","Female","Palebird is a thin, soft-furred black and white she-cat"
"Windclan","Pebblefur","Male","No Description"
"Windclan","Pigeonflight","Male","Pigeonflight is a dark gray tom with white patches"
"Windclan","Plumclaw","Female","Plumclaw is a small dark gray she-cat"
"Windclan","Pricklekit","Unknown","No Description"
"Windclan","Quailkit","Unknown","Quailkit is a pale gray and white cat"
"Windclan","Quickpaw","Male","Quickpaw is a tom with a pale ginger face"
"Windclan","Rabbitear","Female","Rabbitear is a pale brown she-cat with a fluffy white belly and yellow eyes"
"Windclan","Rabbitstar","Male","No Description"
"Windclan","Rabbittail","Male","Rabbittail is a pale gray tom with a stumpy white tail like a rabbit's"
"Windclan","Redclaw","Male","Redclaw is a small dark ginger tom"
"Windclan","Reedfeather","Male","Reedfeather is a big light brown tabby tom with amber eyes and thin ragged fur"
"Windclan","Robinwing","Female","Robinwing is a light brown she-cat with blue eyes"
"Windclan","Runningbrook","Female","Runningbrook is a light gray tabby she-cat"
"Windclan","Runningstorm","Male","Runningstorm is a hard-muscled brown tabby tom"
"Windclan","Rushtail","Male","Rushtail is a skinny light creamy brown tom"
"Windclan","Ryestalk","Female","Ryestalk is a gray tabby she-cat with soft fur and amber eyes"
"Windclan","Ryewhisker","Male","Ryewhisker is a brown tabby tom"
"Windclan","Sandgorse","Male","Sandgorse is a pale ginger tom with amber eyes and dull patchy thin fur"
"Windclan","Sedgewhisker","Female","Sedgewhisker is a light brown tabby she-cat"
"Windclan","Sheeptail","Unknown","No Description"
"Windclan","Shrewclaw","Male","Shrewclaw is a dark brown tom with yellow eyes"
"Windclan","Slatepelt","Unknown","No Description"
"Windclan","Slightfoot","Male","Slightfoot is a black tom with a flash of white on his chest"
"Windclan","Smallstar","Male","Smallstar is a black and white tom with sleek fur a tiny frame and blue eyes"
"Windclan","Smokehaze","Female","Smokehaze is a gray she-cat"
"Windclan","Songleap","Female","Songleap is a tortoiseshell she-cat"
"Windclan","Sorrelshine","Female","Sorrelshine is a gray and brown she-cat"
"Windclan","Specklepaw","Male","Specklepaw is a tom with a freckled, pale brown head"
"Windclan","Stagleap","Male","Stagleap is a huge stocky broad-shouldered dark brown tom with amber eyes"
"Windclan","Stoneclaw","Male","No Description"
"Windclan","Stonestar","Male","Stonestar is a big gray tom"
"Windclan","Storkkit","Unknown","Storkkit is a tortoiseshell cat with ginger patches"
"Windclan","Stripekit","Male","Stripekit is a gray tabby tom"
"Windclan","Sunstrike","Female","Sunstrike is a tortoiseshell she-cat with a large white mark on her forehead"
"Windclan","Swallowtail","Female","Swallowtail is a dark gray she-cat"
"Windclan","Swiftflight","Male","Swiftflight is a pale gray tabby tom"
"Windclan","Swiftfoot","Male","Swiftfoot is a gray tom with a small face"
"Windclan","Swiftstar","Male","Swiftstar is a dark gray black tom with a long tail"
"Windclan","Tallstar","Male","Tallstar is a black and white tom with a very long tail and amber eyes"
"Windclan","Tawnyfur","Female","Tawnyfur is a golden brown she-cat"
"Windclan","Thistleheart","Female","Thistleheart is a long haired white she-cat"
"Windclan","Thistlepaw","Unknown","No Description"
"Windclan","Thistlepaw","Unknown","No Description"
"Windclan","Thrushpelt","Male","Sleek"
"Windclan","Thrushwing","Female","No Description"
"Windclan","Tornear","Male","Tornear is a wiry gray tabby tom with a torn right ear and blue eyes"
"Windclan","Weaselfur","Male","Weaselfur is a lithe ginger tabby tom with white paws and green eyes"
"Windclan","Webfoot","Male","Webfoot is a wiry, dark gray tabby tom with orange eyes"
"Windclan","Whiskernose","Male","Whiskernose is a light brown tom"
"Windclan","Whistlepaw","Female","Whistlepaw is a gray tabby she-cat"
"Windclan","Whiteberry","Male","Whiteberry is a small, pure snowy-white tom"
"Windclan","Whitetail","Female","Whitetail is a small pure white she-cat"
"Windclan","Willowclaw","Female","Willowclaw is a gray she-cat"
"Windclan","Windstar","Female","Windstar is a wiry brown she-cat with narrow tabby stripes, a thin, striped face, and yellow eyes"
"Windclan","Wolfheart","Female","Wolfheart is a gray she-cat"
"Windclan","Woodsong","Female","Woodsong is a brown she-cat"
"Windclan","Woollytail","Male","Woollytail is a gray and white tom with bright yellow eyes and wide shoulders"
"Windclan","Wrenflight","Female","Wrenflight is a brown she-cat"
